Name,Links
Learn HTML,https://www.w3schools.com//html/default.asp
Learn CSS,https://www.w3schools.com//css/default.asp
Learn Bootstrap,https://www.w3schools.com//bootstrap/bootstrap_ver.asp
Learn W3.CSS,https://www.w3schools.com//w3css/default.asp
Learn Colors,https://www.w3schools.com//colors/default.asp
Learn Icons,https://www.w3schools.com//icons/default.asp
Learn Graphics,https://www.w3schools.com//graphics/default.asp
Learn SVG,https://www.w3schools.com//graphics/svg_intro.asp
Learn Canvas,https://www.w3schools.com//graphics/canvas_intro.asp
Learn How To,https://www.w3schools.com//howto/default.asp
Learn Sass,https://www.w3schools.com//sass/default.php
Learn AI,https://www.w3schools.com//ai/default.asp
Learn Machine Learning,https://www.w3schools.com//python/python_ml_getting_started.asp
Learn Data Science,https://www.w3schools.com//datascience/default.asp
Learn NumPy,https://www.w3schools.com//python/numpy/default.asp
Learn Pandas,https://www.w3schools.com//python/pandas/default.asp
Learn SciPy,https://www.w3schools.com//python/scipy/index.php
Learn XML,https://www.w3schools.com//xml/default.asp
Learn XML AJAX,https://www.w3schools.com//xml/ajax_intro.asp
Learn XML DOM,https://www.w3schools.com//xml/dom_intro.asp
Learn XML DTD,https://www.w3schools.com//xml/xml_dtd_intro.asp
Learn XML Schema,https://www.w3schools.com//xml/schema_intro.asp
Learn XSLT,https://www.w3schools.com//xml/xsl_intro.asp
Learn XPath,https://www.w3schools.com//xml/xpath_intro.asp
Learn XQuery,https://www.w3schools.com//xml/xquery_intro.asp
Learn JavaScript,https://www.w3schools.com//js/default.asp
Learn jQuery,https://www.w3schools.com//jquery/default.asp
Learn React,https://www.w3schools.com//react/default.asp
Learn AngularJS,https://www.w3schools.com//angular/default.asp
Learn JSON,https://www.w3schools.com//js/js_json_intro.asp
Learn AJAX,https://www.w3schools.com//js/js_ajax_intro.asp
Learn AppML,https://www.w3schools.com//appml/default.asp
Learn W3.JS,https://www.w3schools.com//w3js/default.asp
Learn Python,https://www.w3schools.com//python/default.asp
Learn Java,https://www.w3schools.com//java/default.asp
Learn C++,https://www.w3schools.com//cpp/default.asp
Learn C#,https://www.w3schools.com//cs/default.asp
Learn R,https://www.w3schools.com//r/default.asp
Learn SQL,https://www.w3schools.com//sql/default.asp
Learn MySQL,https://www.w3schools.com//mysql/default.asp
Learn PHP,https://www.w3schools.com//php/default.asp
Learn ASP,https://www.w3schools.com//asp/default.asp
Learn Node.js,https://www.w3schools.com//nodejs/default.asp
Learn Raspberry Pi,https://www.w3schools.com//nodejs/nodejs_raspberrypi.asp
Learn Git,https://www.w3schools.com//git/default.asp
Web Templates,https://www.w3schools.com//w3css/w3css_templates.asp
Web Statistics,https://www.w3schools.com//browsers/default.asp
Web Certificates,https://www.w3schools.com//cert/default.asp
Web Editor,https://www.w3schools.com//tryit/default.asp
Web Development,https://www.w3schools.com//whatis/default.asp
Test Your Typing Speed,https://www.w3schools.com//typingspeed/default.asp
Play a Code Game,https://www.w3schools.com//codegame/index.html
Cyber Security,https://www.w3schools.com//cybersecurity/index.php
HTML Tag Reference,https://www.w3schools.com//tags/default.asp
HTML Browser Support,https://www.w3schools.com//tags/ref_html_browsersupport.asp
HTML Event Reference,https://www.w3schools.com//tags/ref_eventattributes.asp
HTML Color Reference,https://www.w3schools.com//colors/default.asp
HTML Attribute Reference,https://www.w3schools.com//tags/ref_attributes.asp
HTML Canvas Reference,https://www.w3schools.com//tags/ref_canvas.asp
HTML SVG Reference,https://www.w3schools.com//graphics/svg_reference.asp
Google Maps Reference,https://www.w3schools.com//graphics/google_maps_reference.asp
CSS Reference,https://www.w3schools.com//cssref/default.asp
CSS Browser Support,https://www.w3schools.com//cssref/css3_browsersupport.asp
CSS Selector Reference,https://www.w3schools.com//cssref/css_selectors.asp
Bootstrap 3 Reference,https://www.w3schools.com//bootstrap/bootstrap_ref_all_classes.asp
Bootstrap 4 Reference,https://www.w3schools.com//bootstrap4/bootstrap_ref_all_classes.asp
W3.CSS Reference,https://www.w3schools.com//w3css/w3css_references.asp
Icon Reference,https://www.w3schools.com//icons/icons_reference.asp
Sass Reference,https://www.w3schools.com//sass/sass_functions_string.php
JavaScript Reference,https://www.w3schools.com//jsref/default.asp
HTML DOM Reference,https://www.w3schools.com//jsref/default.asp
jQuery Reference,https://www.w3schools.com//jquery/jquery_ref_overview.asp
AngularJS Reference,https://www.w3schools.com//angular/angular_ref_directives.asp
AppML Reference,https://www.w3schools.com//appml/appml_reference.asp
W3.JS Reference,https://www.w3schools.com//w3js/w3js_references.asp
Python Reference,https://www.w3schools.com//python/python_reference.asp
Java Reference,https://www.w3schools.com//java/java_ref_keywords.asp
SQL Reference,https://www.w3schools.com//sql/sql_ref_keywords.asp
MySQL Reference,https://www.w3schools.com//mysql/mysql_ref_functions.asp
PHP Reference,https://www.w3schools.com//php/php_ref_overview.asp
ASP Reference,https://www.w3schools.com//asp/asp_ref_response.asp
XML DOM Reference,https://www.w3schools.com//xml/dom_nodetype.asp
XML Http Reference,https://www.w3schools.com//xml/dom_http.asp
XSLT Reference,https://www.w3schools.com//xml/xsl_elementref.asp
XML Schema Reference,https://www.w3schools.com//xml/schema_elements_ref.asp
HTML Character Sets,https://www.w3schools.com//charsets/default.asp
HTML ASCII,https://www.w3schools.com//charsets/ref_html_ascii.asp
HTML ANSI,https://www.w3schools.com//charsets/ref_html_ansi.asp
HTML Windows-1252,https://www.w3schools.com//charsets/ref_html_ansi.asp
HTML ISO-8859-1,https://www.w3schools.com//charsets/ref_html_8859.asp
HTML Symbols,https://www.w3schools.com//charsets/ref_html_symbols.asp
HTML UTF-8,https://www.w3schools.com//charsets/ref_html_utf8.asp
